"label","name","class","type","value","optional","showif","choice1","choice2","choice3","choice4"
"## Select your Marine Protected Area (MPA)","sectionA","","note","","","",NA,NA,NA,NA
"### Select the type of the MPA you are responding for","MPA_type","mc_vertical","mc","1","","","PA (i.e. classified as Protected Areas)","OECM (i.e. classified as Other Effective area-based Conservation Measures)","LMMA (i.e. classified as Locally-Managed Marine Area)","other (please do explain in the text field 'Comments (optional)' that will appear below)"
"### Select the country (or overseas land) with the MPA you are responding for
#### *info*: some overseas lands or islands are listed under their own name, e.g. Guadeloupe is listed under 'Guadeloupe (GLP)' and not under 'France (FRA)'.","country","cant_add_choice","select_or_add_one countries","","","",NA,NA,NA,NA
"### Select the MPA you are responding for
#### *info*: these are the MPAs listed in WDPA for the country (or overseas land) you have selected above. If you cannot find your MPA, please select 'MPA not listed'.
#### *tip*: you can search using name, partial name, or  WDPA PID.","MPA_ABW_mc","cant_add_choice","select_or_add_one MPA_ABW","","","country == 'Aruba (ABW)'",NA,NA,NA,NA
"### Select the MPA you are responding for
#### *info*: these are the MPAs listed in WDPA for the country (or overseas land) you have selected above. If you cannot find your MPA, please select 'MPA not listed'.
#### *tip*: you can search using name, partial name, or  WDPA PID.","MPA_AFG_mc","cant_add_choice","select_or_add_one MPA_AFG","","","country == 'Afghanistan (AFG)'",NA,NA,NA,NA
"### Select the MPA you are responding for
#### *info*: these are the MPAs listed in WDPA for the country (or overseas land) you have selected above. If you cannot find your MPA, please select 'MPA not listed'.
#### *tip*: you can search using name, partial name, or  WDPA PID.","MPA_AGO_mc","cant_add_choice","select_or_add_one MPA_AGO","","","country == 'Angola (AGO)'",NA,NA,NA,NA
"### Select the MPA you are responding for
#### *info*: these are the MPAs listed in WDPA for the country (or overseas land) you have selected above. If you cannot find your MPA, please select 'MPA not listed'.
#### *tip*: you can search using name, partial name, or  WDPA PID.","MPA_AIA_mc","cant_add_choice","select_or_add_one MPA_AIA","","","country == 'Anguilla (AIA)'",NA,NA,NA,NA
"### Select the MPA you are responding for
#### *info*: these are the MPAs listed in WDPA for the country (or overseas land) you have selected above. If you cannot find your MPA, please select 'MPA not listed'.
#### *tip*: you can search using name, partial name, or  WDPA PID.","MPA_ALA_mc","cant_add_choice","select_or_add_one MPA_ALA","","","country == 'Åland Islands (ALA)'",NA,NA,NA,NA
"### Select the MPA you are responding for
#### *info*: these are the MPAs listed in WDPA for the country (or overseas land) you have selected above. If you cannot find your MPA, please select 'MPA not listed'.
#### *tip*: you can search using name, partial name, or  WDPA PID.","MPA_ALB_mc","cant_add_choice","select_or_add_one MPA_ALB","","","country == 'Albania (ALB)'",NA,NA,NA,NA
"### Select the MPA you are responding for
#### *info*: these are the MPAs listed in WDPA for the country (or overseas land) you have selected above. If you cannot find your MPA, please select 'MPA not listed'.
#### *tip*: you can search using name, partial name, or  WDPA PID.","MPA_AND_mc","cant_add_choice","select_or_add_one MPA_AND","","","country == 'Andorra (AND)'",NA,NA,NA,NA
"### Select the MPA you are responding for
#### *info*: these are the MPAs listed in WDPA for the country (or overseas land) you have selected above. If you cannot find your MPA, please select 'MPA not listed'.
#### *tip*: you can search using name, partial name, or  WDPA PID.","MPA_ARE_mc","cant_add_choice","select_or_add_one MPA_ARE","","","country == 'United Arab Emirates (ARE)'",NA,NA,NA,NA
"### Select the MPA you are responding for
#### *info*: these are the MPAs listed in WDPA for the country (or overseas land) you have selected above. If you cannot find your MPA, please select 'MPA not listed'.
#### *tip*: you can search using name, partial name, or  WDPA PID.","MPA_ARG_mc","cant_add_choice","select_or_add_one MPA_ARG","","","country == 'Argentina (ARG)'",NA,NA,NA,NA
"### Select the MPA you are responding for
#### *info*: these are the MPAs listed in WDPA for the country (or overseas land) you have selected above. If you cannot find your MPA, please select 'MPA not listed'.
#### *tip*: you can search using name, partial name, or  WDPA PID.","MPA_ARM_mc","cant_add_choice","select_or_add_one MPA_ARM","","","country == 'Armenia (ARM)'",NA,NA,NA,NA
"### Select the MPA you are responding for
#### *info*: these are the MPAs listed in WDPA for the country (or overseas land) you have selected above. If you cannot find your MPA, please select 'MPA not listed'.
#### *tip*: you can search using name, partial name, or  WDPA PID.","MPA_ASM_mc","cant_add_choice","select_or_add_one MPA_ASM","","","country == 'American Samoa (ASM)'",NA,NA,NA,NA
"### Select the MPA you are responding for
#### *info*: these are the MPAs listed in WDPA for the country (or overseas land) you have selected above. If you cannot find your MPA, please select 'MPA not listed'.
#### *tip*: you can search using name, partial name, or  WDPA PID.","MPA_ATA_mc","cant_add_choice","select_or_add_one MPA_ATA","","","country == 'Antarctica (ATA)'",NA,NA,NA,NA
"### Select the MPA you are responding for
#### *info*: these are the MPAs listed in WDPA for the country (or overseas land) you have selected above. If you cannot find your MPA, please select 'MPA not listed'.
#### *tip*: you can search using name, partial name, or  WDPA PID.","MPA_ATF_mc","cant_add_choice","select_or_add_one MPA_ATF","","","country == 'French Southern Territories (ATF)'",NA,NA,NA,NA
"### Select the MPA you are responding for
#### *info*: these are the MPAs listed in WDPA for the country (or overseas land) you have selected above. If you cannot find your MPA, please select 'MPA not listed'.
#### *tip*: you can search using name, partial name, or  WDPA PID.","MPA_ATG_mc","cant_add_choice","select_or_add_one MPA_ATG","","","country == 'Antigua + Barbuda (ATG)'",NA,NA,NA,NA
"### Select the MPA you are responding for
#### *info*: these are the MPAs listed in WDPA for the country (or overseas land) you have selected above. If you cannot find your MPA, please select 'MPA not listed'.
#### *tip*: you can search using name, partial name, or  WDPA PID.","MPA_AUS_mc","cant_add_choice","select_or_add_one MPA_AUS","","","country == 'Australia (AUS)'",NA,NA,NA,NA
"### Select the MPA you are responding for
#### *info*: these are the MPAs listed in WDPA for the country (or overseas land) you have selected above. If you cannot find your MPA, please select 'MPA not listed'.
#### *tip*: you can search using name, partial name, or  WDPA PID.","MPA_AUT_mc","cant_add_choice","select_or_add_one MPA_AUT","","","country == 'Austria (AUT)'",NA,NA,NA,NA
"### Select the MPA you are responding for
#### *info*: these are the MPAs listed in WDPA for the country (or overseas land) you have selected above. If you cannot find your MPA, please select 'MPA not listed'.
#### *tip*: you can search using name, partial name, or  WDPA PID.","MPA_AZE_mc","cant_add_choice","select_or_add_one MPA_AZE","","","country == 'Azerbaijan (AZE)'",NA,NA,NA,NA
"### Select the MPA you are responding for
#### *info*: these are the MPAs listed in WDPA for the country (or overseas land) you have selected above. If you cannot find your MPA, please select 'MPA not listed'.
#### *tip*: you can search using name, partial name, or  WDPA PID.","MPA_BDI_mc","cant_add_choice","select_or_add_one MPA_BDI","","","country == 'Burundi (BDI)'",NA,NA,NA,NA
"### Select the MPA you are responding for
#### *info*: these are the MPAs listed in WDPA for the country (or overseas land) you have selected above. If you cannot find your MPA, please select 'MPA not listed'.
#### *tip*: you can search using name, partial name, or  WDPA PID.","MPA_BEL_mc","cant_add_choice","select_or_add_one MPA_BEL","","","country == 'Belgium (BEL)'",NA,NA,NA,NA
"### Select the MPA you are responding for
#### *info*: these are the MPAs listed in WDPA for the country (or overseas land) you have selected above. If you cannot find your MPA, please select 'MPA not listed'.
#### *tip*: you can search using name, partial name, or  WDPA PID.","MPA_BEN_mc","cant_add_choice","select_or_add_one MPA_BEN","","","country == 'Benin (BEN)'",NA,NA,NA,NA
"### Select the MPA you are responding for
#### *info*: these are the MPAs listed in WDPA for the country (or overseas land) you have selected above. If you cannot find your MPA, please select 'MPA not listed'.
#### *tip*: you can search using name, partial name, or  WDPA PID.","MPA_BES_mc","cant_add_choice","select_or_add_one MPA_BES","","","country == 'Caribbean Netherlands (BES)'",NA,NA,NA,NA
"### Select the MPA you are responding for
#### *info*: these are the MPAs listed in WDPA for the country (or overseas land) you have selected above. If you cannot find your MPA, please select 'MPA not listed'.
#### *tip*: you can search using name, partial name, or  WDPA PID.","MPA_BFA_mc","cant_add_choice","select_or_add_one MPA_BFA","","","country == 'Burkina Faso (BFA)'",NA,NA,NA,NA
"### Select the MPA you are responding for
#### *info*: these are the MPAs listed in WDPA for the country (or overseas land) you have selected above. If you cannot find your MPA, please select 'MPA not listed'.
#### *tip*: you can search using name, partial name, or  WDPA PID.","MPA_BGD_mc","cant_add_choice","select_or_add_one MPA_BGD","","","country == 'Bangladesh (BGD)'",NA,NA,NA,NA
"### Select the MPA you are responding for
#### *info*: these are the MPAs listed in WDPA for the country (or overseas land) you have selected above. If you cannot find your MPA, please select 'MPA not listed'.
#### *tip*: you can search using name, partial name, or  WDPA PID.","MPA_BGR_mc","cant_add_choice","select_or_add_one MPA_BGR","","","country == 'Bulgaria (BGR)'",NA,NA,NA,NA
"### Select the MPA you are responding for
#### *info*: these are the MPAs listed in WDPA for the country (or overseas land) you have selected above. If you cannot find your MPA, please select 'MPA not listed'.
#### *tip*: you can search using name, partial name, or  WDPA PID.","MPA_BHR_mc","cant_add_choice","select_or_add_one MPA_BHR","","","country == 'Bahrain (BHR)'",NA,NA,NA,NA
"### Select the MPA you are responding for
#### *info*: these are the MPAs listed in WDPA for the country (or overseas land) you have selected above. If you cannot find your MPA, please select 'MPA not listed'.
#### *tip*: you can search using name, partial name, or  WDPA PID.","MPA_BHS_mc","cant_add_choice","select_or_add_one MPA_BHS","","","country == 'Bahamas (BHS)'",NA,NA,NA,NA
"### Select the MPA you are responding for
#### *info*: these are the MPAs listed in WDPA for the country (or overseas land) you have selected above. If you cannot find your MPA, please select 'MPA not listed'.
#### *tip*: you can search using name, partial name, or  WDPA PID.","MPA_BIH_mc","cant_add_choice","select_or_add_one MPA_BIH","","","country == 'Bosnia + Herzegovina (BIH)'",NA,NA,NA,NA
"### Select the MPA you are responding for
#### *info*: these are the MPAs listed in WDPA for the country (or overseas land) you have selected above. If you cannot find your MPA, please select 'MPA not listed'.
#### *tip*: you can search using name, partial name, or  WDPA PID.","MPA_BLM_mc","cant_add_choice","select_or_add_one MPA_BLM","","","country == 'St. Barthélemy (BLM)'",NA,NA,NA,NA
"### Select the MPA you are responding for
#### *info*: these are the MPAs listed in WDPA for the country (or overseas land) you have selected above. If you cannot find your MPA, please select 'MPA not listed'.
#### *tip*: you can search using name, partial name, or  WDPA PID.","MPA_BLR_mc","cant_add_choice","select_or_add_one MPA_BLR","","","country == 'Belarus (BLR)'",NA,NA,NA,NA
"### Select the MPA you are responding for
#### *info*: these are the MPAs listed in WDPA for the country (or overseas land) you have selected above. If you cannot find your MPA, please select 'MPA not listed'.
#### *tip*: you can search using name, partial name, or  WDPA PID.","MPA_BLZ_mc","cant_add_choice","select_or_add_one MPA_BLZ","","","country == 'Belize (BLZ)'",NA,NA,NA,NA
"### Select the MPA you are responding for
#### *info*: these are the MPAs listed in WDPA for the country (or overseas land) you have selected above. If you cannot find your MPA, please select 'MPA not listed'.
#### *tip*: you can search using name, partial name, or  WDPA PID.","MPA_BMU_mc","cant_add_choice","select_or_add_one MPA_BMU","","","country == 'Bermuda (BMU)'",NA,NA,NA,NA
"### Select the MPA you are responding for
#### *info*: these are the MPAs listed in WDPA for the country (or overseas land) you have selected above. If you cannot find your MPA, please select 'MPA not listed'.
#### *tip*: you can search using name, partial name, or  WDPA PID.","MPA_BOL_mc","cant_add_choice","select_or_add_one MPA_BOL","","","country == 'Bolivia (BOL)'",NA,NA,NA,NA
"### Select the MPA you are responding for
#### *info*: these are the MPAs listed in WDPA for the country (or overseas land) you have selected above. If you cannot find your MPA, please select 'MPA not listed'.
#### *tip*: you can search using name, partial name, or  WDPA PID.","MPA_BRA_mc","cant_add_choice","select_or_add_one MPA_BRA","","","country == 'Brazil (BRA)'",NA,NA,NA,NA
"### Select the MPA you are responding for
#### *info*: these are the MPAs listed in WDPA for the country (or overseas land) you have selected above. If you cannot find your MPA, please select 'MPA not listed'.
#### *tip*: you can search using name, partial name, or  WDPA PID.","MPA_BRB_mc","cant_add_choice","select_or_add_one MPA_BRB","","","country == 'Barbados (BRB)'",NA,NA,NA,NA
"### Select the MPA you are responding for
#### *info*: these are the MPAs listed in WDPA for the country (or overseas land) you have selected above. If you cannot find your MPA, please select 'MPA not listed'.
#### *tip*: you can search using name, partial name, or  WDPA PID.","MPA_BRN_mc","cant_add_choice","select_or_add_one MPA_BRN","","","country == 'Brunei (BRN)'",NA,NA,NA,NA
"### Select the MPA you are responding for
#### *info*: these are the MPAs listed in WDPA for the country (or overseas land) you have selected above. If you cannot find your MPA, please select 'MPA not listed'.
#### *tip*: you can search using name, partial name, or  WDPA PID.","MPA_BTN_mc","cant_add_choice","select_or_add_one MPA_BTN","","","country == 'Bhutan (BTN)'",NA,NA,NA,NA
"### Select the MPA you are responding for
#### *info*: these are the MPAs listed in WDPA for the country (or overseas land) you have selected above. If you cannot find your MPA, please select 'MPA not listed'.
#### *tip*: you can search using name, partial name, or  WDPA PID.","MPA_BVT_mc","cant_add_choice","select_or_add_one MPA_BVT","","","country == 'Bouvet Island (BVT)'",NA,NA,NA,NA
"### Select the MPA you are responding for
#### *info*: these are the MPAs listed in WDPA for the country (or overseas land) you have selected above. If you cannot find your MPA, please select 'MPA not listed'.
#### *tip*: you can search using name, partial name, or  WDPA PID.","MPA_BWA_mc","cant_add_choice","select_or_add_one MPA_BWA","","","country == 'Botswana (BWA)'",NA,NA,NA,NA
"### Select the MPA you are responding for
#### *info*: these are the MPAs listed in WDPA for the country (or overseas land) you have selected above. If you cannot find your MPA, please select 'MPA not listed'.
#### *tip*: you can search using name, partial name, or  WDPA PID.","MPA_CAF_mc","cant_add_choice","select_or_add_one MPA_CAF","","","country == 'Central African Republic (CAF)'",NA,NA,NA,NA
"### Select the MPA you are responding for
#### *info*: these are the MPAs listed in WDPA for the country (or overseas land) you have selected above. If you cannot find your MPA, please select 'MPA not listed'.
#### *tip*: you can search using name, partial name, or  WDPA PID.","MPA_CAN_mc","cant_add_choice","select_or_add_one MPA_CAN","","","country == 'Canada (CAN)'",NA,NA,NA,NA
"### Select the MPA you are responding for
#### *info*: these are the MPAs listed in WDPA for the country (or overseas land) you have selected above. If you cannot find your MPA, please select 'MPA not listed'.
#### *tip*: you can search using name, partial name, or  WDPA PID.","MPA_CCK_mc","cant_add_choice","select_or_add_one MPA_CCK","","","country == 'Cocos (Keeling) Islands (CCK)'",NA,NA,NA,NA
"### Select the MPA you are responding for
#### *info*: these are the MPAs listed in WDPA for the country (or overseas land) you have selected above. If you cannot find your MPA, please select 'MPA not listed'.
#### *tip*: you can search using name, partial name, or  WDPA PID.","MPA_CHE_mc","cant_add_choice","select_or_add_one MPA_CHE","","","country == 'Switzerland (CHE)'",NA,NA,NA,NA
"### Select the MPA you are responding for
#### *info*: these are the MPAs listed in WDPA for the country (or overseas land) you have selected above. If you cannot find your MPA, please select 'MPA not listed'.
#### *tip*: you can search using name, partial name, or  WDPA PID.","MPA_CHL_mc","cant_add_choice","select_or_add_one MPA_CHL","","","country == 'Chile (CHL)'",NA,NA,NA,NA
"### Select the MPA you are responding for
#### *info*: these are the MPAs listed in WDPA for the country (or overseas land) you have selected above. If you cannot find your MPA, please select 'MPA not listed'.
#### *tip*: you can search using name, partial name, or  WDPA PID.","MPA_CHN_mc","cant_add_choice","select_or_add_one MPA_CHN","","","country == 'China (CHN)'",NA,NA,NA,NA
"### Select the MPA you are responding for
#### *info*: these are the MPAs listed in WDPA for the country (or overseas land) you have selected above. If you cannot find your MPA, please select 'MPA not listed'.
#### *tip*: you can search using name, partial name, or  WDPA PID.","MPA_CIV_mc","cant_add_choice","select_or_add_one MPA_CIV","","","country == 'Côte d’Ivoire (CIV)'",NA,NA,NA,NA
"### Select the MPA you are responding for
#### *info*: these are the MPAs listed in WDPA for the country (or overseas land) you have selected above. If you cannot find your MPA, please select 'MPA not listed'.
#### *tip*: you can search using name, partial name, or  WDPA PID.","MPA_CMR_mc","cant_add_choice","select_or_add_one MPA_CMR","","","country == 'Cameroon (CMR)'",NA,NA,NA,NA
"### Select the MPA you are responding for
#### *info*: these are the MPAs listed in WDPA for the country (or overseas land) you have selected above. If you cannot find your MPA, please select 'MPA not listed'.
#### *tip*: you can search using name, partial name, or  WDPA PID.","MPA_COD_mc","cant_add_choice","select_or_add_one MPA_COD","","","country == 'Congo - Kinshasa (COD)'",NA,NA,NA,NA
"### Select the MPA you are responding for
#### *info*: these are the MPAs listed in WDPA for the country (or overseas land) you have selected above. If you cannot find your MPA, please select 'MPA not listed'.
#### *tip*: you can search using name, partial name, or  WDPA PID.","MPA_COG_mc","cant_add_choice","select_or_add_one MPA_COG","","","country == 'Congo - Brazzaville (COG)'",NA,NA,NA,NA
"### Select the MPA you are responding for
#### *info*: these are the MPAs listed in WDPA for the country (or overseas land) you have selected above. If you cannot find your MPA, please select 'MPA not listed'.
#### *tip*: you can search using name, partial name, or  WDPA PID.","MPA_COK_mc","cant_add_choice","select_or_add_one MPA_COK","","","country == 'Cook Islands (COK)'",NA,NA,NA,NA
"### Select the MPA you are responding for
#### *info*: these are the MPAs listed in WDPA for the country (or overseas land) you have selected above. If you cannot find your MPA, please select 'MPA not listed'.
#### *tip*: you can search using name, partial name, or  WDPA PID.","MPA_COL_mc","cant_add_choice","select_or_add_one MPA_COL","","","country == 'Colombia (COL)'",NA,NA,NA,NA
"### Select the MPA you are responding for
#### *info*: these are the MPAs listed in WDPA for the country (or overseas land) you have selected above. If you cannot find your MPA, please select 'MPA not listed'.
#### *tip*: you can search using name, partial name, or  WDPA PID.","MPA_COM_mc","cant_add_choice","select_or_add_one MPA_COM","","","country == 'Comoros (COM)'",NA,NA,NA,NA
"### Select the MPA you are responding for
#### *info*: these are the MPAs listed in WDPA for the country (or overseas land) you have selected above. If you cannot find your MPA, please select 'MPA not listed'.
#### *tip*: you can search using name, partial name, or  WDPA PID.","MPA_CPV_mc","cant_add_choice","select_or_add_one MPA_CPV","","","country == 'Cape Verde (CPV)'",NA,NA,NA,NA
"### Select the MPA you are responding for
#### *info*: these are the MPAs listed in WDPA for the country (or overseas land) you have selected above. If you cannot find your MPA, please select 'MPA not listed'.
#### *tip*: you can search using name, partial name, or  WDPA PID.","MPA_CRI_mc","cant_add_choice","select_or_add_one MPA_CRI","","","country == 'Costa Rica (CRI)'",NA,NA,NA,NA
"### Select the MPA you are responding for
#### *info*: these are the MPAs listed in WDPA for the country (or overseas land) you have selected above. If you cannot find your MPA, please select 'MPA not listed'.
#### *tip*: you can search using name, partial name, or  WDPA PID.","MPA_CUB_mc","cant_add_choice","select_or_add_one MPA_CUB","","","country == 'Cuba (CUB)'",NA,NA,NA,NA
"### Select the MPA you are responding for
#### *info*: these are the MPAs listed in WDPA for the country (or overseas land) you have selected above. If you cannot find your MPA, please select 'MPA not listed'.
#### *tip*: you can search using name, partial name, or  WDPA PID.","MPA_CUW_mc","cant_add_choice","select_or_add_one MPA_CUW","","","country == 'Curaçao (CUW)'",NA,NA,NA,NA
"### Select the MPA you are responding for
#### *info*: these are the MPAs listed in WDPA for the country (or overseas land) you have selected above. If you cannot find your MPA, please select 'MPA not listed'.
#### *tip*: you can search using name, partial name, or  WDPA PID.","MPA_CXR_mc","cant_add_choice","select_or_add_one MPA_CXR","","","country == 'Christmas Island (CXR)'",NA,NA,NA,NA
"### Select the MPA you are responding for
#### *info*: these are the MPAs listed in WDPA for the country (or overseas land) you have selected above. If you cannot find your MPA, please select 'MPA not listed'.
#### *tip*: you can search using name, partial name, or  WDPA PID.","MPA_CYM_mc","cant_add_choice","select_or_add_one MPA_CYM","","","country == 'Cayman Islands (CYM)'",NA,NA,NA,NA
"### Select the MPA you are responding for
#### *info*: these are the MPAs listed in WDPA for the country (or overseas land) you have selected above. If you cannot find your MPA, please select 'MPA not listed'.
#### *tip*: you can search using name, partial name, or  WDPA PID.","MPA_CYP_mc","cant_add_choice","select_or_add_one MPA_CYP","","","country == 'Cyprus (CYP)'",NA,NA,NA,NA
"### Select the MPA you are responding for
#### *info*: these are the MPAs listed in WDPA for the country (or overseas land) you have selected above. If you cannot find your MPA, please select 'MPA not listed'.
#### *tip*: you can search using name, partial name, or  WDPA PID.","MPA_CZE_mc","cant_add_choice","select_or_add_one MPA_CZE","","","country == 'Czechia (CZE)'",NA,NA,NA,NA
"### Select the MPA you are responding for
#### *info*: these are the MPAs listed in WDPA for the country (or overseas land) you have selected above. If you cannot find your MPA, please select 'MPA not listed'.
#### *tip*: you can search using name, partial name, or  WDPA PID.","MPA_DEU_mc","cant_add_choice","select_or_add_one MPA_DEU","","","country == 'Germany (DEU)'",NA,NA,NA,NA
"### Select the MPA you are responding for
#### *info*: these are the MPAs listed in WDPA for the country (or overseas land) you have selected above. If you cannot find your MPA, please select 'MPA not listed'.
#### *tip*: you can search using name, partial name, or  WDPA PID.","MPA_DJI_mc","cant_add_choice","select_or_add_one MPA_DJI","","","country == 'Djibouti (DJI)'",NA,NA,NA,NA
"### Select the MPA you are responding for
#### *info*: these are the MPAs listed in WDPA for the country (or overseas land) you have selected above. If you cannot find your MPA, please select 'MPA not listed'.
#### *tip*: you can search using name, partial name, or  WDPA PID.","MPA_DMA_mc","cant_add_choice","select_or_add_one MPA_DMA","","","country == 'Dominica (DMA)'",NA,NA,NA,NA
"### Select the MPA you are responding for
#### *info*: these are the MPAs listed in WDPA for the country (or overseas land) you have selected above. If you cannot find your MPA, please select 'MPA not listed'.
#### *tip*: you can search using name, partial name, or  WDPA PID.","MPA_DNK_mc","cant_add_choice","select_or_add_one MPA_DNK","","","country == 'Denmark (DNK)'",NA,NA,NA,NA
"### Select the MPA you are responding for
#### *info*: these are the MPAs listed in WDPA for the country (or overseas land) you have selected above. If you cannot find your MPA, please select 'MPA not listed'.
#### *tip*: you can search using name, partial name, or  WDPA PID.","MPA_DOM_mc","cant_add_choice","select_or_add_one MPA_DOM","","","country == 'Dominican Republic (DOM)'",NA,NA,NA,NA
"### Select the MPA you are responding for
#### *info*: these are the MPAs listed in WDPA for the country (or overseas land) you have selected above. If you cannot find your MPA, please select 'MPA not listed'.
#### *tip*: you can search using name, partial name, or  WDPA PID.","MPA_DZA_mc","cant_add_choice","select_or_add_one MPA_DZA","","","country == 'Algeria (DZA)'",NA,NA,NA,NA
"### Select the MPA you are responding for
#### *info*: these are the MPAs listed in WDPA for the country (or overseas land) you have selected above. If you cannot find your MPA, please select 'MPA not listed'.
#### *tip*: you can search using name, partial name, or  WDPA PID.","MPA_ECU_mc","cant_add_choice","select_or_add_one MPA_ECU","","","country == 'Ecuador (ECU)'",NA,NA,NA,NA
"### Select the MPA you are responding for
#### *info*: these are the MPAs listed in WDPA for the country (or overseas land) you have selected above. If you cannot find your MPA, please select 'MPA not listed'.
#### *tip*: you can search using name, partial name, or  WDPA PID.","MPA_EGY_mc","cant_add_choice","select_or_add_one MPA_EGY","","","country == 'Egypt (EGY)'",NA,NA,NA,NA
"### Select the MPA you are responding for
#### *info*: these are the MPAs listed in WDPA for the country (or overseas land) you have selected above. If you cannot find your MPA, please select 'MPA not listed'.
#### *tip*: you can search using name, partial name, or  WDPA PID.","MPA_ERI_mc","cant_add_choice","select_or_add_one MPA_ERI","","","country == 'Eritrea (ERI)'",NA,NA,NA,NA
"### Select the MPA you are responding for
#### *info*: these are the MPAs listed in WDPA for the country (or overseas land) you have selected above. If you cannot find your MPA, please select 'MPA not listed'.
#### *tip*: you can search using name, partial name, or  WDPA PID.","MPA_ESH_mc","cant_add_choice","select_or_add_one MPA_ESH","","","country == 'Western Sahara (ESH)'",NA,NA,NA,NA
"### Select the MPA you are responding for
#### *info*: these are the MPAs listed in WDPA for the country (or overseas land) you have selected above. If you cannot find your MPA, please select 'MPA not listed'.
#### *tip*: you can search using name, partial name, or  WDPA PID.","MPA_ESP_mc","cant_add_choice","select_or_add_one MPA_ESP","","","country == 'Spain (ESP)'",NA,NA,NA,NA
"### Select the MPA you are responding for
#### *info*: these are the MPAs listed in WDPA for the country (or overseas land) you have selected above. If you cannot find your MPA, please select 'MPA not listed'.
#### *tip*: you can search using name, partial name, or  WDPA PID.","MPA_EST_mc","cant_add_choice","select_or_add_one MPA_EST","","","country == 'Estonia (EST)'",NA,NA,NA,NA
"### Select the MPA you are responding for
#### *info*: these are the MPAs listed in WDPA for the country (or overseas land) you have selected above. If you cannot find your MPA, please select 'MPA not listed'.
#### *tip*: you can search using name, partial name, or  WDPA PID.","MPA_ETH_mc","cant_add_choice","select_or_add_one MPA_ETH","","","country == 'Ethiopia (ETH)'",NA,NA,NA,NA
"### Select the MPA you are responding for
#### *info*: these are the MPAs listed in WDPA for the country (or overseas land) you have selected above. If you cannot find your MPA, please select 'MPA not listed'.
#### *tip*: you can search using name, partial name, or  WDPA PID.","MPA_FIN_mc","cant_add_choice","select_or_add_one MPA_FIN","","","country == 'Finland (FIN)'",NA,NA,NA,NA
"### Select the MPA you are responding for
#### *info*: these are the MPAs listed in WDPA for the country (or overseas land) you have selected above. If you cannot find your MPA, please select 'MPA not listed'.
#### *tip*: you can search using name, partial name, or  WDPA PID.","MPA_FJI_mc","cant_add_choice","select_or_add_one MPA_FJI","","","country == 'Fiji (FJI)'",NA,NA,NA,NA
"### Select the MPA you are responding for
#### *info*: these are the MPAs listed in WDPA for the country (or overseas land) you have selected above. If you cannot find your MPA, please select 'MPA not listed'.
#### *tip*: you can search using name, partial name, or  WDPA PID.","MPA_FLK_mc","cant_add_choice","select_or_add_one MPA_FLK","","","country == 'Falkland Islands (FLK)'",NA,NA,NA,NA
"### Select the MPA you are responding for
#### *info*: these are the MPAs listed in WDPA for the country (or overseas land) you have selected above. If you cannot find your MPA, please select 'MPA not listed'.
#### *tip*: you can search using name, partial name, or  WDPA PID.","MPA_FRA_mc","cant_add_choice","select_or_add_one MPA_FRA","","","country == 'France (FRA)'",NA,NA,NA,NA
"### Select the MPA you are responding for
#### *info*: these are the MPAs listed in WDPA for the country (or overseas land) you have selected above. If you cannot find your MPA, please select 'MPA not listed'.
#### *tip*: you can search using name, partial name, or  WDPA PID.","MPA_FRO_mc","cant_add_choice","select_or_add_one MPA_FRO","","","country == 'Faroe Islands (FRO)'",NA,NA,NA,NA
"### Select the MPA you are responding for
#### *info*: these are the MPAs listed in WDPA for the country (or overseas land) you have selected above. If you cannot find your MPA, please select 'MPA not listed'.
#### *tip*: you can search using name, partial name, or  WDPA PID.","MPA_FSM_mc","cant_add_choice","select_or_add_one MPA_FSM","","","country == 'Micronesia (Federated States of) (FSM)'",NA,NA,NA,NA
"### Select the MPA you are responding for
#### *info*: these are the MPAs listed in WDPA for the country (or overseas land) you have selected above. If you cannot find your MPA, please select 'MPA not listed'.
#### *tip*: you can search using name, partial name, or  WDPA PID.","MPA_GAB_mc","cant_add_choice","select_or_add_one MPA_GAB","","","country == 'Gabon (GAB)'",NA,NA,NA,NA
"### Select the MPA you are responding for
#### *info*: these are the MPAs listed in WDPA for the country (or overseas land) you have selected above. If you cannot find your MPA, please select 'MPA not listed'.
#### *tip*: you can search using name, partial name, or  WDPA PID.","MPA_GBR_mc","cant_add_choice","select_or_add_one MPA_GBR","","","country == 'United Kingdom (GBR)'",NA,NA,NA,NA
"### Select the MPA you are responding for
#### *info*: these are the MPAs listed in WDPA for the country (or overseas land) you have selected above. If you cannot find your MPA, please select 'MPA not listed'.
#### *tip*: you can search using name, partial name, or  WDPA PID.","MPA_GEO_mc","cant_add_choice","select_or_add_one MPA_GEO","","","country == 'Georgia (GEO)'",NA,NA,NA,NA
"### Select the MPA you are responding for
#### *info*: these are the MPAs listed in WDPA for the country (or overseas land) you have selected above. If you cannot find your MPA, please select 'MPA not listed'.
#### *tip*: you can search using name, partial name, or  WDPA PID.","MPA_GGY_mc","cant_add_choice","select_or_add_one MPA_GGY","","","country == 'Guernsey (GGY)'",NA,NA,NA,NA
"### Select the MPA you are responding for
#### *info*: these are the MPAs listed in WDPA for the country (or overseas land) you have selected above. If you cannot find your MPA, please select 'MPA not listed'.
#### *tip*: you can search using name, partial name, or  WDPA PID.","MPA_GHA_mc","cant_add_choice","select_or_add_one MPA_GHA","","","country == 'Ghana (GHA)'",NA,NA,NA,NA
"### Select the MPA you are responding for
#### *info*: these are the MPAs listed in WDPA for the country (or overseas land) you have selected above. If you cannot find your MPA, please select 'MPA not listed'.
#### *tip*: you can search using name, partial name, or  WDPA PID.","MPA_GIB_mc","cant_add_choice","select_or_add_one MPA_GIB","","","country == 'Gibraltar (GIB)'",NA,NA,NA,NA
"### Select the MPA you are responding for
#### *info*: these are the MPAs listed in WDPA for the country (or overseas land) you have selected above. If you cannot find your MPA, please select 'MPA not listed'.
#### *tip*: you can search using name, partial name, or  WDPA PID.","MPA_GIN_mc","cant_add_choice","select_or_add_one MPA_GIN","","","country == 'Guinea (GIN)'",NA,NA,NA,NA
"### Select the MPA you are responding for
#### *info*: these are the MPAs listed in WDPA for the country (or overseas land) you have selected above. If you cannot find your MPA, please select 'MPA not listed'.
#### *tip*: you can search using name, partial name, or  WDPA PID.","MPA_GLP_mc","cant_add_choice","select_or_add_one MPA_GLP","","","country == 'Guadeloupe (GLP)'",NA,NA,NA,NA
"### Select the MPA you are responding for
#### *info*: these are the MPAs listed in WDPA for the country (or overseas land) you have selected above. If you cannot find your MPA, please select 'MPA not listed'.
#### *tip*: you can search using name, partial name, or  WDPA PID.","MPA_GMB_mc","cant_add_choice","select_or_add_one MPA_GMB","","","country == 'Gambia (GMB)'",NA,NA,NA,NA
"### Select the MPA you are responding for
#### *info*: these are the MPAs listed in WDPA for the country (or overseas land) you have selected above. If you cannot find your MPA, please select 'MPA not listed'.
#### *tip*: you can search using name, partial name, or  WDPA PID.","MPA_GNB_mc","cant_add_choice","select_or_add_one MPA_GNB","","","country == 'Guinea-Bissau (GNB)'",NA,NA,NA,NA
"### Select the MPA you are responding for
#### *info*: these are the MPAs listed in WDPA for the country (or overseas land) you have selected above. If you cannot find your MPA, please select 'MPA not listed'.
#### *tip*: you can search using name, partial name, or  WDPA PID.","MPA_GNQ_mc","cant_add_choice","select_or_add_one MPA_GNQ","","","country == 'Equatorial Guinea (GNQ)'",NA,NA,NA,NA
"### Select the MPA you are responding for
#### *info*: these are the MPAs listed in WDPA for the country (or overseas land) you have selected above. If you cannot find your MPA, please select 'MPA not listed'.
#### *tip*: you can search using name, partial name, or  WDPA PID.","MPA_GRC_mc","cant_add_choice","select_or_add_one MPA_GRC","","","country == 'Greece (GRC)'",NA,NA,NA,NA
"### Select the MPA you are responding for
#### *info*: these are the MPAs listed in WDPA for the country (or overseas land) you have selected above. If you cannot find your MPA, please select 'MPA not listed'.
#### *tip*: you can search using name, partial name, or  WDPA PID.","MPA_GRD_mc","cant_add_choice","select_or_add_one MPA_GRD","","","country == 'Grenada (GRD)'",NA,NA,NA,NA
"### Select the MPA you are responding for
#### *info*: these are the MPAs listed in WDPA for the country (or overseas land) you have selected above. If you cannot find your MPA, please select 'MPA not listed'.
#### *tip*: you can search using name, partial name, or  WDPA PID.","MPA_GRL_mc","cant_add_choice","select_or_add_one MPA_GRL","","","country == 'Greenland (GRL)'",NA,NA,NA,NA
"### Select the MPA you are responding for
#### *info*: these are the MPAs listed in WDPA for the country (or overseas land) you have selected above. If you cannot find your MPA, please select 'MPA not listed'.
#### *tip*: you can search using name, partial name, or  WDPA PID.","MPA_GTM_mc","cant_add_choice","select_or_add_one MPA_GTM","","","country == 'Guatemala (GTM)'",NA,NA,NA,NA
"### Select the MPA you are responding for
#### *info*: these are the MPAs listed in WDPA for the country (or overseas land) you have selected above. If you cannot find your MPA, please select 'MPA not listed'.
#### *tip*: you can search using name, partial name, or  WDPA PID.","MPA_GUF_mc","cant_add_choice","select_or_add_one MPA_GUF","","","country == 'French Guiana (GUF)'",NA,NA,NA,NA
"### Select the MPA you are responding for
#### *info*: these are the MPAs listed in WDPA for the country (or overseas land) you have selected above. If you cannot find your MPA, please select 'MPA not listed'.
#### *tip*: you can search using name, partial name, or  WDPA PID.","MPA_GUM_mc","cant_add_choice","select_or_add_one MPA_GUM","","","country == 'Guam (GUM)'",NA,NA,NA,NA
"### Select the MPA you are responding for
#### *info*: these are the MPAs listed in WDPA for the country (or overseas land) you have selected above. If you cannot find your MPA, please select 'MPA not listed'.
#### *tip*: you can search using name, partial name, or  WDPA PID.","MPA_GUY_mc","cant_add_choice","select_or_add_one MPA_GUY","","","country == 'Guyana (GUY)'",NA,NA,NA,NA
"### Select the MPA you are responding for
#### *info*: these are the MPAs listed in WDPA for the country (or overseas land) you have selected above. If you cannot find your MPA, please select 'MPA not listed'.
#### *tip*: you can search using name, partial name, or  WDPA PID.","MPA_HKG_mc","cant_add_choice","select_or_add_one MPA_HKG","","","country == 'Hong Kong SAR China (HKG)'",NA,NA,NA,NA
"### Select the MPA you are responding for
#### *info*: these are the MPAs listed in WDPA for the country (or overseas land) you have selected above. If you cannot find your MPA, please select 'MPA not listed'.
#### *tip*: you can search using name, partial name, or  WDPA PID.","MPA_HMD_mc","cant_add_choice","select_or_add_one MPA_HMD","","","country == 'Heard + McDonald Islands (HMD)'",NA,NA,NA,NA
"### Select the MPA you are responding for
#### *info*: these are the MPAs listed in WDPA for the country (or overseas land) you have selected above. If you cannot find your MPA, please select 'MPA not listed'.
#### *tip*: you can search using name, partial name, or  WDPA PID.","MPA_HND_mc","cant_add_choice","select_or_add_one MPA_HND","","","country == 'Honduras (HND)'",NA,NA,NA,NA
"### Select the MPA you are responding for
#### *info*: these are the MPAs listed in WDPA for the country (or overseas land) you have selected above. If you cannot find your MPA, please select 'MPA not listed'.
#### *tip*: you can search using name, partial name, or  WDPA PID.","MPA_HRV_mc","cant_add_choice","select_or_add_one MPA_HRV","","","country == 'Croatia (HRV)'",NA,NA,NA,NA
"### Select the MPA you are responding for
#### *info*: these are the MPAs listed in WDPA for the country (or overseas land) you have selected above. If you cannot find your MPA, please select 'MPA not listed'.
#### *tip*: you can search using name, partial name, or  WDPA PID.","MPA_HTI_mc","cant_add_choice","select_or_add_one MPA_HTI","","","country == 'Haiti (HTI)'",NA,NA,NA,NA
"### Select the MPA you are responding for
#### *info*: these are the MPAs listed in WDPA for the country (or overseas land) you have selected above. If you cannot find your MPA, please select 'MPA not listed'.
#### *tip*: you can search using name, partial name, or  WDPA PID.","MPA_HUN_mc","cant_add_choice","select_or_add_one MPA_HUN","","","country == 'Hungary (HUN)'",NA,NA,NA,NA
"### Select the MPA you are responding for
#### *info*: these are the MPAs listed in WDPA for the country (or overseas land) you have selected above. If you cannot find your MPA, please select 'MPA not listed'.
#### *tip*: you can search using name, partial name, or  WDPA PID.","MPA_IDN_mc","cant_add_choice","select_or_add_one MPA_IDN","","","country == 'Indonesia (IDN)'",NA,NA,NA,NA
"### Select the MPA you are responding for
#### *info*: these are the MPAs listed in WDPA for the country (or overseas land) you have selected above. If you cannot find your MPA, please select 'MPA not listed'.
#### *tip*: you can search using name, partial name, or  WDPA PID.","MPA_IMN_mc","cant_add_choice","select_or_add_one MPA_IMN","","","country == 'Isle of Man (IMN)'",NA,NA,NA,NA
"### Select the MPA you are responding for
#### *info*: these are the MPAs listed in WDPA for the country (or overseas land) you have selected above. If you cannot find your MPA, please select 'MPA not listed'.
#### *tip*: you can search using name, partial name, or  WDPA PID.","MPA_IND_mc","cant_add_choice","select_or_add_one MPA_IND","","","country == 'India (IND)'",NA,NA,NA,NA
"### Select the MPA you are responding for
#### *info*: these are the MPAs listed in WDPA for the country (or overseas land) you have selected above. If you cannot find your MPA, please select 'MPA not listed'.
#### *tip*: you can search using name, partial name, or  WDPA PID.","MPA_IOT_mc","cant_add_choice","select_or_add_one MPA_IOT","","","country == 'British Indian Ocean Territory (IOT)'",NA,NA,NA,NA
"### Select the MPA you are responding for
#### *info*: these are the MPAs listed in WDPA for the country (or overseas land) you have selected above. If you cannot find your MPA, please select 'MPA not listed'.
#### *tip*: you can search using name, partial name, or  WDPA PID.","MPA_IRL_mc","cant_add_choice","select_or_add_one MPA_IRL","","","country == 'Ireland (IRL)'",NA,NA,NA,NA
"### Select the MPA you are responding for
#### *info*: these are the MPAs listed in WDPA for the country (or overseas land) you have selected above. If you cannot find your MPA, please select 'MPA not listed'.
#### *tip*: you can search using name, partial name, or  WDPA PID.","MPA_IRN_mc","cant_add_choice","select_or_add_one MPA_IRN","","","country == 'Iran (IRN)'",NA,NA,NA,NA
"### Select the MPA you are responding for
#### *info*: these are the MPAs listed in WDPA for the country (or overseas land) you have selected above. If you cannot find your MPA, please select 'MPA not listed'.
#### *tip*: you can search using name, partial name, or  WDPA PID.","MPA_IRQ_mc","cant_add_choice","select_or_add_one MPA_IRQ","","","country == 'Iraq (IRQ)'",NA,NA,NA,NA
"### Select the MPA you are responding for
#### *info*: these are the MPAs listed in WDPA for the country (or overseas land) you have selected above. If you cannot find your MPA, please select 'MPA not listed'.
#### *tip*: you can search using name, partial name, or  WDPA PID.","MPA_ISL_mc","cant_add_choice","select_or_add_one MPA_ISL","","","country == 'Iceland (ISL)'",NA,NA,NA,NA
"### Select the MPA you are responding for
#### *info*: these are the MPAs listed in WDPA for the country (or overseas land) you have selected above. If you cannot find your MPA, please select 'MPA not listed'.
#### *tip*: you can search using name, partial name, or  WDPA PID.","MPA_ISR_mc","cant_add_choice","select_or_add_one MPA_ISR","","","country == 'Israel (ISR)'",NA,NA,NA,NA
"### Select the MPA you are responding for
#### *info*: these are the MPAs listed in WDPA for the country (or overseas land) you have selected above. If you cannot find your MPA, please select 'MPA not listed'.
#### *tip*: you can search using name, partial name, or  WDPA PID.","MPA_ITA_mc","cant_add_choice","select_or_add_one MPA_ITA","","","country == 'Italy (ITA)'",NA,NA,NA,NA
"### Select the MPA you are responding for
#### *info*: these are the MPAs listed in WDPA for the country (or overseas land) you have selected above. If you cannot find your MPA, please select 'MPA not listed'.
#### *tip*: you can search using name, partial name, or  WDPA PID.","MPA_JAM_mc","cant_add_choice","select_or_add_one MPA_JAM","","","country == 'Jamaica (JAM)'",NA,NA,NA,NA
"### Select the MPA you are responding for
#### *info*: these are the MPAs listed in WDPA for the country (or overseas land) you have selected above. If you cannot find your MPA, please select 'MPA not listed'.
#### *tip*: you can search using name, partial name, or  WDPA PID.","MPA_JEY_mc","cant_add_choice","select_or_add_one MPA_JEY","","","country == 'Jersey (JEY)'",NA,NA,NA,NA
"### Select the MPA you are responding for
#### *info*: these are the MPAs listed in WDPA for the country (or overseas land) you have selected above. If you cannot find your MPA, please select 'MPA not listed'.
#### *tip*: you can search using name, partial name, or  WDPA PID.","MPA_JOR_mc","cant_add_choice","select_or_add_one MPA_JOR","","","country == 'Jordan (JOR)'",NA,NA,NA,NA
"### Select the MPA you are responding for
#### *info*: these are the MPAs listed in WDPA for the country (or overseas land) you have selected above. If you cannot find your MPA, please select 'MPA not listed'.
#### *tip*: you can search using name, partial name, or  WDPA PID.","MPA_JPN_mc","cant_add_choice","select_or_add_one MPA_JPN","","","country == 'Japan (JPN)'",NA,NA,NA,NA
"### Select the MPA you are responding for
#### *info*: these are the MPAs listed in WDPA for the country (or overseas land) you have selected above. If you cannot find your MPA, please select 'MPA not listed'.
#### *tip*: you can search using name, partial name, or  WDPA PID.","MPA_KAZ_mc","cant_add_choice","select_or_add_one MPA_KAZ","","","country == 'Kazakhstan (KAZ)'",NA,NA,NA,NA
"### Select the MPA you are responding for
#### *info*: these are the MPAs listed in WDPA for the country (or overseas land) you have selected above. If you cannot find your MPA, please select 'MPA not listed'.
#### *tip*: you can search using name, partial name, or  WDPA PID.","MPA_KEN_mc","cant_add_choice","select_or_add_one MPA_KEN","","","country == 'Kenya (KEN)'",NA,NA,NA,NA
"### Select the MPA you are responding for
#### *info*: these are the MPAs listed in WDPA for the country (or overseas land) you have selected above. If you cannot find your MPA, please select 'MPA not listed'.
#### *tip*: you can search using name, partial name, or  WDPA PID.","MPA_KGZ_mc","cant_add_choice","select_or_add_one MPA_KGZ","","","country == 'Kyrgyzstan (KGZ)'",NA,NA,NA,NA
"### Select the MPA you are responding for
#### *info*: these are the MPAs listed in WDPA for the country (or overseas land) you have selected above. If you cannot find your MPA, please select 'MPA not listed'.
#### *tip*: you can search using name, partial name, or  WDPA PID.","MPA_KHM_mc","cant_add_choice","select_or_add_one MPA_KHM","","","country == 'Cambodia (KHM)'",NA,NA,NA,NA
"### Select the MPA you are responding for
#### *info*: these are the MPAs listed in WDPA for the country (or overseas land) you have selected above. If you cannot find your MPA, please select 'MPA not listed'.
#### *tip*: you can search using name, partial name, or  WDPA PID.","MPA_KIR_mc","cant_add_choice","select_or_add_one MPA_KIR","","","country == 'Kiribati (KIR)'",NA,NA,NA,NA
"### Select the MPA you are responding for
#### *info*: these are the MPAs listed in WDPA for the country (or overseas land) you have selected above. If you cannot find your MPA, please select 'MPA not listed'.
#### *tip*: you can search using name, partial name, or  WDPA PID.","MPA_KNA_mc","cant_add_choice","select_or_add_one MPA_KNA","","","country == 'St. Kitts + Nevis (KNA)'",NA,NA,NA,NA
"### Select the MPA you are responding for
#### *info*: these are the MPAs listed in WDPA for the country (or overseas land) you have selected above. If you cannot find your MPA, please select 'MPA not listed'.
#### *tip*: you can search using name, partial name, or  WDPA PID.","MPA_KOR_mc","cant_add_choice","select_or_add_one MPA_KOR","","","country == 'South Korea (KOR)'",NA,NA,NA,NA
"### Select the MPA you are responding for
#### *info*: these are the MPAs listed in WDPA for the country (or overseas land) you have selected above. If you cannot find your MPA, please select 'MPA not listed'.
#### *tip*: you can search using name, partial name, or  WDPA PID.","MPA_KWT_mc","cant_add_choice","select_or_add_one MPA_KWT","","","country == 'Kuwait (KWT)'",NA,NA,NA,NA
"### Select the MPA you are responding for
#### *info*: these are the MPAs listed in WDPA for the country (or overseas land) you have selected above. If you cannot find your MPA, please select 'MPA not listed'.
#### *tip*: you can search using name, partial name, or  WDPA PID.","MPA_LAO_mc","cant_add_choice","select_or_add_one MPA_LAO","","","country == 'Laos (LAO)'",NA,NA,NA,NA
"### Select the MPA you are responding for
#### *info*: these are the MPAs listed in WDPA for the country (or overseas land) you have selected above. If you cannot find your MPA, please select 'MPA not listed'.
#### *tip*: you can search using name, partial name, or  WDPA PID.","MPA_LBN_mc","cant_add_choice","select_or_add_one MPA_LBN","","","country == 'Lebanon (LBN)'",NA,NA,NA,NA
"### Select the MPA you are responding for
#### *info*: these are the MPAs listed in WDPA for the country (or overseas land) you have selected above. If you cannot find your MPA, please select 'MPA not listed'.
#### *tip*: you can search using name, partial name, or  WDPA PID.","MPA_LBR_mc","cant_add_choice","select_or_add_one MPA_LBR","","","country == 'Liberia (LBR)'",NA,NA,NA,NA
"### Select the MPA you are responding for
#### *info*: these are the MPAs listed in WDPA for the country (or overseas land) you have selected above. If you cannot find your MPA, please select 'MPA not listed'.
#### *tip*: you can search using name, partial name, or  WDPA PID.","MPA_LBY_mc","cant_add_choice","select_or_add_one MPA_LBY","","","country == 'Libya (LBY)'",NA,NA,NA,NA
"### Select the MPA you are responding for
#### *info*: these are the MPAs listed in WDPA for the country (or overseas land) you have selected above. If you cannot find your MPA, please select 'MPA not listed'.
#### *tip*: you can search using name, partial name, or  WDPA PID.","MPA_LCA_mc","cant_add_choice","select_or_add_one MPA_LCA","","","country == 'St. Lucia (LCA)'",NA,NA,NA,NA
"### Select the MPA you are responding for
#### *info*: these are the MPAs listed in WDPA for the country (or overseas land) you have selected above. If you cannot find your MPA, please select 'MPA not listed'.
#### *tip*: you can search using name, partial name, or  WDPA PID.","MPA_LIE_mc","cant_add_choice","select_or_add_one MPA_LIE","","","country == 'Liechtenstein (LIE)'",NA,NA,NA,NA
"### Select the MPA you are responding for
#### *info*: these are the MPAs listed in WDPA for the country (or overseas land) you have selected above. If you cannot find your MPA, please select 'MPA not listed'.
#### *tip*: you can search using name, partial name, or  WDPA PID.","MPA_LKA_mc","cant_add_choice","select_or_add_one MPA_LKA","","","country == 'Sri Lanka (LKA)'",NA,NA,NA,NA
"### Select the MPA you are responding for
#### *info*: these are the MPAs listed in WDPA for the country (or overseas land) you have selected above. If you cannot find your MPA, please select 'MPA not listed'.
#### *tip*: you can search using name, partial name, or  WDPA PID.","MPA_LSO_mc","cant_add_choice","select_or_add_one MPA_LSO","","","country == 'Lesotho (LSO)'",NA,NA,NA,NA
"### Select the MPA you are responding for
#### *info*: these are the MPAs listed in WDPA for the country (or overseas land) you have selected above. If you cannot find your MPA, please select 'MPA not listed'.
#### *tip*: you can search using name, partial name, or  WDPA PID.","MPA_LTU_mc","cant_add_choice","select_or_add_one MPA_LTU","","","country == 'Lithuania (LTU)'",NA,NA,NA,NA
"### Select the MPA you are responding for
#### *info*: these are the MPAs listed in WDPA for the country (or overseas land) you have selected above. If you cannot find your MPA, please select 'MPA not listed'.
#### *tip*: you can search using name, partial name, or  WDPA PID.","MPA_LUX_mc","cant_add_choice","select_or_add_one MPA_LUX","","","country == 'Luxembourg (LUX)'",NA,NA,NA,NA
"### Select the MPA you are responding for
#### *info*: these are the MPAs listed in WDPA for the country (or overseas land) you have selected above. If you cannot find your MPA, please select 'MPA not listed'.
#### *tip*: you can search using name, partial name, or  WDPA PID.","MPA_LVA_mc","cant_add_choice","select_or_add_one MPA_LVA","","","country == 'Latvia (LVA)'",NA,NA,NA,NA
"### Select the MPA you are responding for
#### *info*: these are the MPAs listed in WDPA for the country (or overseas land) you have selected above. If you cannot find your MPA, please select 'MPA not listed'.
#### *tip*: you can search using name, partial name, or  WDPA PID.","MPA_MAC_mc","cant_add_choice","select_or_add_one MPA_MAC","","","country == 'Macao SAR China (MAC)'",NA,NA,NA,NA
"### Select the MPA you are responding for
#### *info*: these are the MPAs listed in WDPA for the country (or overseas land) you have selected above. If you cannot find your MPA, please select 'MPA not listed'.
#### *tip*: you can search using name, partial name, or  WDPA PID.","MPA_MAF_mc","cant_add_choice","select_or_add_one MPA_MAF","","","country == 'Saint Martin (French part) (MAF)'",NA,NA,NA,NA
"### Select the MPA you are responding for
#### *info*: these are the MPAs listed in WDPA for the country (or overseas land) you have selected above. If you cannot find your MPA, please select 'MPA not listed'.
#### *tip*: you can search using name, partial name, or  WDPA PID.","MPA_MAR_mc","cant_add_choice","select_or_add_one MPA_MAR","","","country == 'Morocco (MAR)'",NA,NA,NA,NA
"### Select the MPA you are responding for
#### *info*: these are the MPAs listed in WDPA for the country (or overseas land) you have selected above. If you cannot find your MPA, please select 'MPA not listed'.
#### *tip*: you can search using name, partial name, or  WDPA PID.","MPA_MCO_mc","cant_add_choice","select_or_add_one MPA_MCO","","","country == 'Monaco (MCO)'",NA,NA,NA,NA
"### Select the MPA you are responding for
#### *info*: these are the MPAs listed in WDPA for the country (or overseas land) you have selected above. If you cannot find your MPA, please select 'MPA not listed'.
#### *tip*: you can search using name, partial name, or  WDPA PID.","MPA_MDA_mc","cant_add_choice","select_or_add_one MPA_MDA","","","country == 'Moldova (MDA)'",NA,NA,NA,NA
"### Select the MPA you are responding for
#### *info*: these are the MPAs listed in WDPA for the country (or overseas land) you have selected above. If you cannot find your MPA, please select 'MPA not listed'.
#### *tip*: you can search using name, partial name, or  WDPA PID.","MPA_MDG_mc","cant_add_choice","select_or_add_one MPA_MDG","","","country == 'Madagascar (MDG)'",NA,NA,NA,NA
"### Select the MPA you are responding for
#### *info*: these are the MPAs listed in WDPA for the country (or overseas land) you have selected above. If you cannot find your MPA, please select 'MPA not listed'.
#### *tip*: you can search using name, partial name, or  WDPA PID.","MPA_MDV_mc","cant_add_choice","select_or_add_one MPA_MDV","","","country == 'Maldives (MDV)'",NA,NA,NA,NA
"### Select the MPA you are responding for
#### *info*: these are the MPAs listed in WDPA for the country (or overseas land) you have selected above. If you cannot find your MPA, please select 'MPA not listed'.
#### *tip*: you can search using name, partial name, or  WDPA PID.","MPA_MEX_mc","cant_add_choice","select_or_add_one MPA_MEX","","","country == 'Mexico (MEX)'",NA,NA,NA,NA
"### Select the MPA you are responding for
#### *info*: these are the MPAs listed in WDPA for the country (or overseas land) you have selected above. If you cannot find your MPA, please select 'MPA not listed'.
#### *tip*: you can search using name, partial name, or  WDPA PID.","MPA_MHL_mc","cant_add_choice","select_or_add_one MPA_MHL","","","country == 'Marshall Islands (MHL)'",NA,NA,NA,NA
"### Select the MPA you are responding for
#### *info*: these are the MPAs listed in WDPA for the country (or overseas land) you have selected above. If you cannot find your MPA, please select 'MPA not listed'.
#### *tip*: you can search using name, partial name, or  WDPA PID.","MPA_MKD_mc","cant_add_choice","select_or_add_one MPA_MKD","","","country == 'North Macedonia (MKD)'",NA,NA,NA,NA
"### Select the MPA you are responding for
#### *info*: these are the MPAs listed in WDPA for the country (or overseas land) you have selected above. If you cannot find your MPA, please select 'MPA not listed'.
#### *tip*: you can search using name, partial name, or  WDPA PID.","MPA_MLI_mc","cant_add_choice","select_or_add_one MPA_MLI","","","country == 'Mali (MLI)'",NA,NA,NA,NA
"### Select the MPA you are responding for
#### *info*: these are the MPAs listed in WDPA for the country (or overseas land) you have selected above. If you cannot find your MPA, please select 'MPA not listed'.
#### *tip*: you can search using name, partial name, or  WDPA PID.","MPA_MLT_mc","cant_add_choice","select_or_add_one MPA_MLT","","","country == 'Malta (MLT)'",NA,NA,NA,NA
"### Select the MPA you are responding for
#### *info*: these are the MPAs listed in WDPA for the country (or overseas land) you have selected above. If you cannot find your MPA, please select 'MPA not listed'.
#### *tip*: you can search using name, partial name, or  WDPA PID.","MPA_MMR_mc","cant_add_choice","select_or_add_one MPA_MMR","","","country == 'Myanmar (Burma) (MMR)'",NA,NA,NA,NA
"### Select the MPA you are responding for
#### *info*: these are the MPAs listed in WDPA for the country (or overseas land) you have selected above. If you cannot find your MPA, please select 'MPA not listed'.
#### *tip*: you can search using name, partial name, or  WDPA PID.","MPA_MNE_mc","cant_add_choice","select_or_add_one MPA_MNE","","","country == 'Montenegro (MNE)'",NA,NA,NA,NA
"### Select the MPA you are responding for
#### *info*: these are the MPAs listed in WDPA for the country (or overseas land) you have selected above. If you cannot find your MPA, please select 'MPA not listed'.
#### *tip*: you can search using name, partial name, or  WDPA PID.","MPA_MNG_mc","cant_add_choice","select_or_add_one MPA_MNG","","","country == 'Mongolia (MNG)'",NA,NA,NA,NA
"### Select the MPA you are responding for
#### *info*: these are the MPAs listed in WDPA for the country (or overseas land) you have selected above. If you cannot find your MPA, please select 'MPA not listed'.
#### *tip*: you can search using name, partial name, or  WDPA PID.","MPA_MNP_mc","cant_add_choice","select_or_add_one MPA_MNP","","","country == 'Northern Mariana Islands (MNP)'",NA,NA,NA,NA
"### Select the MPA you are responding for
#### *info*: these are the MPAs listed in WDPA for the country (or overseas land) you have selected above. If you cannot find your MPA, please select 'MPA not listed'.
#### *tip*: you can search using name, partial name, or  WDPA PID.","MPA_MOZ_mc","cant_add_choice","select_or_add_one MPA_MOZ","","","country == 'Mozambique (MOZ)'",NA,NA,NA,NA
"### Select the MPA you are responding for
#### *info*: these are the MPAs listed in WDPA for the country (or overseas land) you have selected above. If you cannot find your MPA, please select 'MPA not listed'.
#### *tip*: you can search using name, partial name, or  WDPA PID.","MPA_MRT_mc","cant_add_choice","select_or_add_one MPA_MRT","","","country == 'Mauritania (MRT)'",NA,NA,NA,NA
"### Select the MPA you are responding for
#### *info*: these are the MPAs listed in WDPA for the country (or overseas land) you have selected above. If you cannot find your MPA, please select 'MPA not listed'.
#### *tip*: you can search using name, partial name, or  WDPA PID.","MPA_MSR_mc","cant_add_choice","select_or_add_one MPA_MSR","","","country == 'Montserrat (MSR)'",NA,NA,NA,NA
"### Select the MPA you are responding for
#### *info*: these are the MPAs listed in WDPA for the country (or overseas land) you have selected above. If you cannot find your MPA, please select 'MPA not listed'.
#### *tip*: you can search using name, partial name, or  WDPA PID.","MPA_MTQ_mc","cant_add_choice","select_or_add_one MPA_MTQ","","","country == 'Martinique (MTQ)'",NA,NA,NA,NA
"### Select the MPA you are responding for
#### *info*: these are the MPAs listed in WDPA for the country (or overseas land) you have selected above. If you cannot find your MPA, please select 'MPA not listed'.
#### *tip*: you can search using name, partial name, or  WDPA PID.","MPA_MUS_mc","cant_add_choice","select_or_add_one MPA_MUS","","","country == 'Mauritius (MUS)'",NA,NA,NA,NA
"### Select the MPA you are responding for
#### *info*: these are the MPAs listed in WDPA for the country (or overseas land) you have selected above. If you cannot find your MPA, please select 'MPA not listed'.
#### *tip*: you can search using name, partial name, or  WDPA PID.","MPA_MWI_mc","cant_add_choice","select_or_add_one MPA_MWI","","","country == 'Malawi (MWI)'",NA,NA,NA,NA
"### Select the MPA you are responding for
#### *info*: these are the MPAs listed in WDPA for the country (or overseas land) you have selected above. If you cannot find your MPA, please select 'MPA not listed'.
#### *tip*: you can search using name, partial name, or  WDPA PID.","MPA_MYS_mc","cant_add_choice","select_or_add_one MPA_MYS","","","country == 'Malaysia (MYS)'",NA,NA,NA,NA
"### Select the MPA you are responding for
#### *info*: these are the MPAs listed in WDPA for the country (or overseas land) you have selected above. If you cannot find your MPA, please select 'MPA not listed'.
#### *tip*: you can search using name, partial name, or  WDPA PID.","MPA_MYT_mc","cant_add_choice","select_or_add_one MPA_MYT","","","country == 'Mayotte (MYT)'",NA,NA,NA,NA
"### Select the MPA you are responding for
#### *info*: these are the MPAs listed in WDPA for the country (or overseas land) you have selected above. If you cannot find your MPA, please select 'MPA not listed'.
#### *tip*: you can search using name, partial name, or  WDPA PID.","MPA_NAM_mc","cant_add_choice","select_or_add_one MPA_NAM","","","country == 'Namibia (NAM)'",NA,NA,NA,NA
"### Select the MPA you are responding for
#### *info*: these are the MPAs listed in WDPA for the country (or overseas land) you have selected above. If you cannot find your MPA, please select 'MPA not listed'.
#### *tip*: you can search using name, partial name, or  WDPA PID.","MPA_NCL_mc","cant_add_choice","select_or_add_one MPA_NCL","","","country == 'New Caledonia (NCL)'",NA,NA,NA,NA
"### Select the MPA you are responding for
#### *info*: these are the MPAs listed in WDPA for the country (or overseas land) you have selected above. If you cannot find your MPA, please select 'MPA not listed'.
#### *tip*: you can search using name, partial name, or  WDPA PID.","MPA_NER_mc","cant_add_choice","select_or_add_one MPA_NER","","","country == 'Niger (NER)'",NA,NA,NA,NA
"### Select the MPA you are responding for
#### *info*: these are the MPAs listed in WDPA for the country (or overseas land) you have selected above. If you cannot find your MPA, please select 'MPA not listed'.
#### *tip*: you can search using name, partial name, or  WDPA PID.","MPA_NFK_mc","cant_add_choice","select_or_add_one MPA_NFK","","","country == 'Norfolk Island (NFK)'",NA,NA,NA,NA
"### Select the MPA you are responding for
#### *info*: these are the MPAs listed in WDPA for the country (or overseas land) you have selected above. If you cannot find your MPA, please select 'MPA not listed'.
#### *tip*: you can search using name, partial name, or  WDPA PID.","MPA_NGA_mc","cant_add_choice","select_or_add_one MPA_NGA","","","country == 'Nigeria (NGA)'",NA,NA,NA,NA
"### Select the MPA you are responding for
#### *info*: these are the MPAs listed in WDPA for the country (or overseas land) you have selected above. If you cannot find your MPA, please select 'MPA not listed'.
#### *tip*: you can search using name, partial name, or  WDPA PID.","MPA_NIC_mc","cant_add_choice","select_or_add_one MPA_NIC","","","country == 'Nicaragua (NIC)'",NA,NA,NA,NA
"### Select the MPA you are responding for
#### *info*: these are the MPAs listed in WDPA for the country (or overseas land) you have selected above. If you cannot find your MPA, please select 'MPA not listed'.
#### *tip*: you can search using name, partial name, or  WDPA PID.","MPA_NIU_mc","cant_add_choice","select_or_add_one MPA_NIU","","","country == 'Niue (NIU)'",NA,NA,NA,NA
"### Select the MPA you are responding for
#### *info*: these are the MPAs listed in WDPA for the country (or overseas land) you have selected above. If you cannot find your MPA, please select 'MPA not listed'.
#### *tip*: you can search using name, partial name, or  WDPA PID.","MPA_NLD_mc","cant_add_choice","select_or_add_one MPA_NLD","","","country == 'Netherlands (NLD)'",NA,NA,NA,NA
"### Select the MPA you are responding for
#### *info*: these are the MPAs listed in WDPA for the country (or overseas land) you have selected above. If you cannot find your MPA, please select 'MPA not listed'.
#### *tip*: you can search using name, partial name, or  WDPA PID.","MPA_NOR_mc","cant_add_choice","select_or_add_one MPA_NOR","","","country == 'Norway (NOR)'",NA,NA,NA,NA
"### Select the MPA you are responding for
#### *info*: these are the MPAs listed in WDPA for the country (or overseas land) you have selected above. If you cannot find your MPA, please select 'MPA not listed'.
#### *tip*: you can search using name, partial name, or  WDPA PID.","MPA_NPL_mc","cant_add_choice","select_or_add_one MPA_NPL","","","country == 'Nepal (NPL)'",NA,NA,NA,NA
"### Select the MPA you are responding for
#### *info*: these are the MPAs listed in WDPA for the country (or overseas land) you have selected above. If you cannot find your MPA, please select 'MPA not listed'.
#### *tip*: you can search using name, partial name, or  WDPA PID.","MPA_NRU_mc","cant_add_choice","select_or_add_one MPA_NRU","","","country == 'Nauru (NRU)'",NA,NA,NA,NA
"### Select the MPA you are responding for
#### *info*: these are the MPAs listed in WDPA for the country (or overseas land) you have selected above. If you cannot find your MPA, please select 'MPA not listed'.
#### *tip*: you can search using name, partial name, or  WDPA PID.","MPA_NZL_mc","cant_add_choice","select_or_add_one MPA_NZL","","","country == 'New Zealand (NZL)'",NA,NA,NA,NA
"### Select the MPA you are responding for
#### *info*: these are the MPAs listed in WDPA for the country (or overseas land) you have selected above. If you cannot find your MPA, please select 'MPA not listed'.
#### *tip*: you can search using name, partial name, or  WDPA PID.","MPA_OMN_mc","cant_add_choice","select_or_add_one MPA_OMN","","","country == 'Oman (OMN)'",NA,NA,NA,NA
"### Select the MPA you are responding for
#### *info*: these are the MPAs listed in WDPA for the country (or overseas land) you have selected above. If you cannot find your MPA, please select 'MPA not listed'.
#### *tip*: you can search using name, partial name, or  WDPA PID.","MPA_PAK_mc","cant_add_choice","select_or_add_one MPA_PAK","","","country == 'Pakistan (PAK)'",NA,NA,NA,NA
"### Select the MPA you are responding for
#### *info*: these are the MPAs listed in WDPA for the country (or overseas land) you have selected above. If you cannot find your MPA, please select 'MPA not listed'.
#### *tip*: you can search using name, partial name, or  WDPA PID.","MPA_PAN_mc","cant_add_choice","select_or_add_one MPA_PAN","","","country == 'Panama (PAN)'",NA,NA,NA,NA
"### Select the MPA you are responding for
#### *info*: these are the MPAs listed in WDPA for the country (or overseas land) you have selected above. If you cannot find your MPA, please select 'MPA not listed'.
#### *tip*: you can search using name, partial name, or  WDPA PID.","MPA_PCN_mc","cant_add_choice","select_or_add_one MPA_PCN","","","country == 'Pitcairn Islands (PCN)'",NA,NA,NA,NA
"### Select the MPA you are responding for
#### *info*: these are the MPAs listed in WDPA for the country (or overseas land) you have selected above. If you cannot find your MPA, please select 'MPA not listed'.
#### *tip*: you can search using name, partial name, or  WDPA PID.","MPA_PER_mc","cant_add_choice","select_or_add_one MPA_PER","","","country == 'Peru (PER)'",NA,NA,NA,NA
"### Select the MPA you are responding for
#### *info*: these are the MPAs listed in WDPA for the country (or overseas land) you have selected above. If you cannot find your MPA, please select 'MPA not listed'.
#### *tip*: you can search using name, partial name, or  WDPA PID.","MPA_PHL_mc","cant_add_choice","select_or_add_one MPA_PHL","","","country == 'Philippines (PHL)'",NA,NA,NA,NA
"### Select the MPA you are responding for
#### *info*: these are the MPAs listed in WDPA for the country (or overseas land) you have selected above. If you cannot find your MPA, please select 'MPA not listed'.
#### *tip*: you can search using name, partial name, or  WDPA PID.","MPA_PLW_mc","cant_add_choice","select_or_add_one MPA_PLW","","","country == 'Palau (PLW)'",NA,NA,NA,NA
"### Select the MPA you are responding for
#### *info*: these are the MPAs listed in WDPA for the country (or overseas land) you have selected above. If you cannot find your MPA, please select 'MPA not listed'.
#### *tip*: you can search using name, partial name, or  WDPA PID.","MPA_PNG_mc","cant_add_choice","select_or_add_one MPA_PNG","","","country == 'Papua New Guinea (PNG)'",NA,NA,NA,NA
"### Select the MPA you are responding for
#### *info*: these are the MPAs listed in WDPA for the country (or overseas land) you have selected above. If you cannot find your MPA, please select 'MPA not listed'.
#### *tip*: you can search using name, partial name, or  WDPA PID.","MPA_POL_mc","cant_add_choice","select_or_add_one MPA_POL","","","country == 'Poland (POL)'",NA,NA,NA,NA
"### Select the MPA you are responding for
#### *info*: these are the MPAs listed in WDPA for the country (or overseas land) you have selected above. If you cannot find your MPA, please select 'MPA not listed'.
#### *tip*: you can search using name, partial name, or  WDPA PID.","MPA_PRI_mc","cant_add_choice","select_or_add_one MPA_PRI","","","country == 'Puerto Rico (PRI)'",NA,NA,NA,NA
"### Select the MPA you are responding for
#### *info*: these are the MPAs listed in WDPA for the country (or overseas land) you have selected above. If you cannot find your MPA, please select 'MPA not listed'.
#### *tip*: you can search using name, partial name, or  WDPA PID.","MPA_PRK_mc","cant_add_choice","select_or_add_one MPA_PRK","","","country == 'North Korea (PRK)'",NA,NA,NA,NA
"### Select the MPA you are responding for
#### *info*: these are the MPAs listed in WDPA for the country (or overseas land) you have selected above. If you cannot find your MPA, please select 'MPA not listed'.
#### *tip*: you can search using name, partial name, or  WDPA PID.","MPA_PRT_mc","cant_add_choice","select_or_add_one MPA_PRT","","","country == 'Portugal (PRT)'",NA,NA,NA,NA
"### Select the MPA you are responding for
#### *info*: these are the MPAs listed in WDPA for the country (or overseas land) you have selected above. If you cannot find your MPA, please select 'MPA not listed'.
#### *tip*: you can search using name, partial name, or  WDPA PID.","MPA_PRY_mc","cant_add_choice","select_or_add_one MPA_PRY","","","country == 'Paraguay (PRY)'",NA,NA,NA,NA
"### Select the MPA you are responding for
#### *info*: these are the MPAs listed in WDPA for the country (or overseas land) you have selected above. If you cannot find your MPA, please select 'MPA not listed'.
#### *tip*: you can search using name, partial name, or  WDPA PID.","MPA_PSE_mc","cant_add_choice","select_or_add_one MPA_PSE","","","country == 'Palestinian Territories (PSE)'",NA,NA,NA,NA
"### Select the MPA you are responding for
#### *info*: these are the MPAs listed in WDPA for the country (or overseas land) you have selected above. If you cannot find your MPA, please select 'MPA not listed'.
#### *tip*: you can search using name, partial name, or  WDPA PID.","MPA_PYF_mc","cant_add_choice","select_or_add_one MPA_PYF","","","country == 'French Polynesia (PYF)'",NA,NA,NA,NA
"### Select the MPA you are responding for
#### *info*: these are the MPAs listed in WDPA for the country (or overseas land) you have selected above. If you cannot find your MPA, please select 'MPA not listed'.
#### *tip*: you can search using name, partial name, or  WDPA PID.","MPA_QAT_mc","cant_add_choice","select_or_add_one MPA_QAT","","","country == 'Qatar (QAT)'",NA,NA,NA,NA
"### Select the MPA you are responding for
#### *info*: these are the MPAs listed in WDPA for the country (or overseas land) you have selected above. If you cannot find your MPA, please select 'MPA not listed'.
#### *tip*: you can search using name, partial name, or  WDPA PID.","MPA_REU_mc","cant_add_choice","select_or_add_one MPA_REU","","","country == 'Réunion (REU)'",NA,NA,NA,NA
"### Select the MPA you are responding for
#### *info*: these are the MPAs listed in WDPA for the country (or overseas land) you have selected above. If you cannot find your MPA, please select 'MPA not listed'.
#### *tip*: you can search using name, partial name, or  WDPA PID.","MPA_ROU_mc","cant_add_choice","select_or_add_one MPA_ROU","","","country == 'Romania (ROU)'",NA,NA,NA,NA
"### Select the MPA you are responding for
#### *info*: these are the MPAs listed in WDPA for the country (or overseas land) you have selected above. If you cannot find your MPA, please select 'MPA not listed'.
#### *tip*: you can search using name, partial name, or  WDPA PID.","MPA_RUS_mc","cant_add_choice","select_or_add_one MPA_RUS","","","country == 'Russia (RUS)'",NA,NA,NA,NA
"### Select the MPA you are responding for
#### *info*: these are the MPAs listed in WDPA for the country (or overseas land) you have selected above. If you cannot find your MPA, please select 'MPA not listed'.
#### *tip*: you can search using name, partial name, or  WDPA PID.","MPA_RWA_mc","cant_add_choice","select_or_add_one MPA_RWA","","","country == 'Rwanda (RWA)'",NA,NA,NA,NA
"### Select the MPA you are responding for
#### *info*: these are the MPAs listed in WDPA for the country (or overseas land) you have selected above. If you cannot find your MPA, please select 'MPA not listed'.
#### *tip*: you can search using name, partial name, or  WDPA PID.","MPA_SAU_mc","cant_add_choice","select_or_add_one MPA_SAU","","","country == 'Saudi Arabia (SAU)'",NA,NA,NA,NA
"### Select the MPA you are responding for
#### *info*: these are the MPAs listed in WDPA for the country (or overseas land) you have selected above. If you cannot find your MPA, please select 'MPA not listed'.
#### *tip*: you can search using name, partial name, or  WDPA PID.","MPA_SDN_mc","cant_add_choice","select_or_add_one MPA_SDN","","","country == 'Sudan (SDN)'",NA,NA,NA,NA
"### Select the MPA you are responding for
#### *info*: these are the MPAs listed in WDPA for the country (or overseas land) you have selected above. If you cannot find your MPA, please select 'MPA not listed'.
#### *tip*: you can search using name, partial name, or  WDPA PID.","MPA_SEN_mc","cant_add_choice","select_or_add_one MPA_SEN","","","country == 'Senegal (SEN)'",NA,NA,NA,NA
"### Select the MPA you are responding for
#### *info*: these are the MPAs listed in WDPA for the country (or overseas land) you have selected above. If you cannot find your MPA, please select 'MPA not listed'.
#### *tip*: you can search using name, partial name, or  WDPA PID.","MPA_SGP_mc","cant_add_choice","select_or_add_one MPA_SGP","","","country == 'Singapore (SGP)'",NA,NA,NA,NA
"### Select the MPA you are responding for
#### *info*: these are the MPAs listed in WDPA for the country (or overseas land) you have selected above. If you cannot find your MPA, please select 'MPA not listed'.
#### *tip*: you can search using name, partial name, or  WDPA PID.","MPA_SGS_mc","cant_add_choice","select_or_add_one MPA_SGS","","","country == 'South Georgia + South Sandwich Islands (SGS)'",NA,NA,NA,NA
"### Select the MPA you are responding for
#### *info*: these are the MPAs listed in WDPA for the country (or overseas land) you have selected above. If you cannot find your MPA, please select 'MPA not listed'.
#### *tip*: you can search using name, partial name, or  WDPA PID.","MPA_SHN_mc","cant_add_choice","select_or_add_one MPA_SHN","","","country == 'St. Helena (SHN)'",NA,NA,NA,NA
"### Select the MPA you are responding for
#### *info*: these are the MPAs listed in WDPA for the country (or overseas land) you have selected above. If you cannot find your MPA, please select 'MPA not listed'.
#### *tip*: you can search using name, partial name, or  WDPA PID.","MPA_SJM_mc","cant_add_choice","select_or_add_one MPA_SJM","","","country == 'Svalbard + Jan Mayen (SJM)'",NA,NA,NA,NA
"### Select the MPA you are responding for
#### *info*: these are the MPAs listed in WDPA for the country (or overseas land) you have selected above. If you cannot find your MPA, please select 'MPA not listed'.
#### *tip*: you can search using name, partial name, or  WDPA PID.","MPA_SLB_mc","cant_add_choice","select_or_add_one MPA_SLB","","","country == 'Solomon Islands (SLB)'",NA,NA,NA,NA
"### Select the MPA you are responding for
#### *info*: these are the MPAs listed in WDPA for the country (or overseas land) you have selected above. If you cannot find your MPA, please select 'MPA not listed'.
#### *tip*: you can search using name, partial name, or  WDPA PID.","MPA_SLE_mc","cant_add_choice","select_or_add_one MPA_SLE","","","country == 'Sierra Leone (SLE)'",NA,NA,NA,NA
"### Select the MPA you are responding for
#### *info*: these are the MPAs listed in WDPA for the country (or overseas land) you have selected above. If you cannot find your MPA, please select 'MPA not listed'.
#### *tip*: you can search using name, partial name, or  WDPA PID.","MPA_SLV_mc","cant_add_choice","select_or_add_one MPA_SLV","","","country == 'El Salvador (SLV)'",NA,NA,NA,NA
"### Select the MPA you are responding for
#### *info*: these are the MPAs listed in WDPA for the country (or overseas land) you have selected above. If you cannot find your MPA, please select 'MPA not listed'.
#### *tip*: you can search using name, partial name, or  WDPA PID.","MPA_SMR_mc","cant_add_choice","select_or_add_one MPA_SMR","","","country == 'San Marino (SMR)'",NA,NA,NA,NA
"### Select the MPA you are responding for
#### *info*: these are the MPAs listed in WDPA for the country (or overseas land) you have selected above. If you cannot find your MPA, please select 'MPA not listed'.
#### *tip*: you can search using name, partial name, or  WDPA PID.","MPA_SOM_mc","cant_add_choice","select_or_add_one MPA_SOM","","","country == 'Somalia (SOM)'",NA,NA,NA,NA
"### Select the MPA you are responding for
#### *info*: these are the MPAs listed in WDPA for the country (or overseas land) you have selected above. If you cannot find your MPA, please select 'MPA not listed'.
#### *tip*: you can search using name, partial name, or  WDPA PID.","MPA_SPM_mc","cant_add_choice","select_or_add_one MPA_SPM","","","country == 'St. Pierre + Miquelon (SPM)'",NA,NA,NA,NA
"### Select the MPA you are responding for
#### *info*: these are the MPAs listed in WDPA for the country (or overseas land) you have selected above. If you cannot find your MPA, please select 'MPA not listed'.
#### *tip*: you can search using name, partial name, or  WDPA PID.","MPA_SRB_mc","cant_add_choice","select_or_add_one MPA_SRB","","","country == 'Serbia (SRB)'",NA,NA,NA,NA
"### Select the MPA you are responding for
#### *info*: these are the MPAs listed in WDPA for the country (or overseas land) you have selected above. If you cannot find your MPA, please select 'MPA not listed'.
#### *tip*: you can search using name, partial name, or  WDPA PID.","MPA_SSD_mc","cant_add_choice","select_or_add_one MPA_SSD","","","country == 'South Sudan (SSD)'",NA,NA,NA,NA
"### Select the MPA you are responding for
#### *info*: these are the MPAs listed in WDPA for the country (or overseas land) you have selected above. If you cannot find your MPA, please select 'MPA not listed'.
#### *tip*: you can search using name, partial name, or  WDPA PID.","MPA_STP_mc","cant_add_choice","select_or_add_one MPA_STP","","","country == 'São Tomé + Príncipe (STP)'",NA,NA,NA,NA
"### Select the MPA you are responding for
#### *info*: these are the MPAs listed in WDPA for the country (or overseas land) you have selected above. If you cannot find your MPA, please select 'MPA not listed'.
#### *tip*: you can search using name, partial name, or  WDPA PID.","MPA_SUR_mc","cant_add_choice","select_or_add_one MPA_SUR","","","country == 'Suriname (SUR)'",NA,NA,NA,NA
"### Select the MPA you are responding for
#### *info*: these are the MPAs listed in WDPA for the country (or overseas land) you have selected above. If you cannot find your MPA, please select 'MPA not listed'.
#### *tip*: you can search using name, partial name, or  WDPA PID.","MPA_SVK_mc","cant_add_choice","select_or_add_one MPA_SVK","","","country == 'Slovakia (SVK)'",NA,NA,NA,NA
"### Select the MPA you are responding for
#### *info*: these are the MPAs listed in WDPA for the country (or overseas land) you have selected above. If you cannot find your MPA, please select 'MPA not listed'.
#### *tip*: you can search using name, partial name, or  WDPA PID.","MPA_SVN_mc","cant_add_choice","select_or_add_one MPA_SVN","","","country == 'Slovenia (SVN)'",NA,NA,NA,NA
"### Select the MPA you are responding for
#### *info*: these are the MPAs listed in WDPA for the country (or overseas land) you have selected above. If you cannot find your MPA, please select 'MPA not listed'.
#### *tip*: you can search using name, partial name, or  WDPA PID.","MPA_SWE_mc","cant_add_choice","select_or_add_one MPA_SWE","","","country == 'Sweden (SWE)'",NA,NA,NA,NA
"### Select the MPA you are responding for
#### *info*: these are the MPAs listed in WDPA for the country (or overseas land) you have selected above. If you cannot find your MPA, please select 'MPA not listed'.
#### *tip*: you can search using name, partial name, or  WDPA PID.","MPA_SWZ_mc","cant_add_choice","select_or_add_one MPA_SWZ","","","country == 'Eswatini (SWZ)'",NA,NA,NA,NA
"### Select the MPA you are responding for
#### *info*: these are the MPAs listed in WDPA for the country (or overseas land) you have selected above. If you cannot find your MPA, please select 'MPA not listed'.
#### *tip*: you can search using name, partial name, or  WDPA PID.","MPA_SXM_mc","cant_add_choice","select_or_add_one MPA_SXM","","","country == 'Sint Maarten (SXM)'",NA,NA,NA,NA
"### Select the MPA you are responding for
#### *info*: these are the MPAs listed in WDPA for the country (or overseas land) you have selected above. If you cannot find your MPA, please select 'MPA not listed'.
#### *tip*: you can search using name, partial name, or  WDPA PID.","MPA_SYC_mc","cant_add_choice","select_or_add_one MPA_SYC","","","country == 'Seychelles (SYC)'",NA,NA,NA,NA
"### Select the MPA you are responding for
#### *info*: these are the MPAs listed in WDPA for the country (or overseas land) you have selected above. If you cannot find your MPA, please select 'MPA not listed'.
#### *tip*: you can search using name, partial name, or  WDPA PID.","MPA_SYR_mc","cant_add_choice","select_or_add_one MPA_SYR","","","country == 'Syria (SYR)'",NA,NA,NA,NA
"### Select the MPA you are responding for
#### *info*: these are the MPAs listed in WDPA for the country (or overseas land) you have selected above. If you cannot find your MPA, please select 'MPA not listed'.
#### *tip*: you can search using name, partial name, or  WDPA PID.","MPA_TCA_mc","cant_add_choice","select_or_add_one MPA_TCA","","","country == 'Turks + Caicos Islands (TCA)'",NA,NA,NA,NA
"### Select the MPA you are responding for
#### *info*: these are the MPAs listed in WDPA for the country (or overseas land) you have selected above. If you cannot find your MPA, please select 'MPA not listed'.
#### *tip*: you can search using name, partial name, or  WDPA PID.","MPA_TCD_mc","cant_add_choice","select_or_add_one MPA_TCD","","","country == 'Chad (TCD)'",NA,NA,NA,NA
"### Select the MPA you are responding for
#### *info*: these are the MPAs listed in WDPA for the country (or overseas land) you have selected above. If you cannot find your MPA, please select 'MPA not listed'.
#### *tip*: you can search using name, partial name, or  WDPA PID.","MPA_TGO_mc","cant_add_choice","select_or_add_one MPA_TGO","","","country == 'Togo (TGO)'",NA,NA,NA,NA
"### Select the MPA you are responding for
#### *info*: these are the MPAs listed in WDPA for the country (or overseas land) you have selected above. If you cannot find your MPA, please select 'MPA not listed'.
#### *tip*: you can search using name, partial name, or  WDPA PID.","MPA_THA_mc","cant_add_choice","select_or_add_one MPA_THA","","","country == 'Thailand (THA)'",NA,NA,NA,NA
"### Select the MPA you are responding for
#### *info*: these are the MPAs listed in WDPA for the country (or overseas land) you have selected above. If you cannot find your MPA, please select 'MPA not listed'.
#### *tip*: you can search using name, partial name, or  WDPA PID.","MPA_TJK_mc","cant_add_choice","select_or_add_one MPA_TJK","","","country == 'Tajikistan (TJK)'",NA,NA,NA,NA
"### Select the MPA you are responding for
#### *info*: these are the MPAs listed in WDPA for the country (or overseas land) you have selected above. If you cannot find your MPA, please select 'MPA not listed'.
#### *tip*: you can search using name, partial name, or  WDPA PID.","MPA_TKL_mc","cant_add_choice","select_or_add_one MPA_TKL","","","country == 'Tokelau (TKL)'",NA,NA,NA,NA
"### Select the MPA you are responding for
#### *info*: these are the MPAs listed in WDPA for the country (or overseas land) you have selected above. If you cannot find your MPA, please select 'MPA not listed'.
#### *tip*: you can search using name, partial name, or  WDPA PID.","MPA_TKM_mc","cant_add_choice","select_or_add_one MPA_TKM","","","country == 'Turkmenistan (TKM)'",NA,NA,NA,NA
"### Select the MPA you are responding for
#### *info*: these are the MPAs listed in WDPA for the country (or overseas land) you have selected above. If you cannot find your MPA, please select 'MPA not listed'.
#### *tip*: you can search using name, partial name, or  WDPA PID.","MPA_TLS_mc","cant_add_choice","select_or_add_one MPA_TLS","","","country == 'Timor-Leste (TLS)'",NA,NA,NA,NA
"### Select the MPA you are responding for
#### *info*: these are the MPAs listed in WDPA for the country (or overseas land) you have selected above. If you cannot find your MPA, please select 'MPA not listed'.
#### *tip*: you can search using name, partial name, or  WDPA PID.","MPA_TON_mc","cant_add_choice","select_or_add_one MPA_TON","","","country == 'Tonga (TON)'",NA,NA,NA,NA
"### Select the MPA you are responding for
#### *info*: these are the MPAs listed in WDPA for the country (or overseas land) you have selected above. If you cannot find your MPA, please select 'MPA not listed'.
#### *tip*: you can search using name, partial name, or  WDPA PID.","MPA_TTO_mc","cant_add_choice","select_or_add_one MPA_TTO","","","country == 'Trinidad + Tobago (TTO)'",NA,NA,NA,NA
"### Select the MPA you are responding for
#### *info*: these are the MPAs listed in WDPA for the country (or overseas land) you have selected above. If you cannot find your MPA, please select 'MPA not listed'.
#### *tip*: you can search using name, partial name, or  WDPA PID.","MPA_TUN_mc","cant_add_choice","select_or_add_one MPA_TUN","","","country == 'Tunisia (TUN)'",NA,NA,NA,NA
"### Select the MPA you are responding for
#### *info*: these are the MPAs listed in WDPA for the country (or overseas land) you have selected above. If you cannot find your MPA, please select 'MPA not listed'.
#### *tip*: you can search using name, partial name, or  WDPA PID.","MPA_TUR_mc","cant_add_choice","select_or_add_one MPA_TUR","","","country == 'Turkey (TUR)'",NA,NA,NA,NA
"### Select the MPA you are responding for
#### *info*: these are the MPAs listed in WDPA for the country (or overseas land) you have selected above. If you cannot find your MPA, please select 'MPA not listed'.
#### *tip*: you can search using name, partial name, or  WDPA PID.","MPA_TUV_mc","cant_add_choice","select_or_add_one MPA_TUV","","","country == 'Tuvalu (TUV)'",NA,NA,NA,NA
"### Select the MPA you are responding for
#### *info*: these are the MPAs listed in WDPA for the country (or overseas land) you have selected above. If you cannot find your MPA, please select 'MPA not listed'.
#### *tip*: you can search using name, partial name, or  WDPA PID.","MPA_TWN_mc","cant_add_choice","select_or_add_one MPA_TWN","","","country == 'Taiwan (TWN)'",NA,NA,NA,NA
"### Select the MPA you are responding for
#### *info*: these are the MPAs listed in WDPA for the country (or overseas land) you have selected above. If you cannot find your MPA, please select 'MPA not listed'.
#### *tip*: you can search using name, partial name, or  WDPA PID.","MPA_TZA_mc","cant_add_choice","select_or_add_one MPA_TZA","","","country == 'Tanzania (TZA)'",NA,NA,NA,NA
"### Select the MPA you are responding for
#### *info*: these are the MPAs listed in WDPA for the country (or overseas land) you have selected above. If you cannot find your MPA, please select 'MPA not listed'.
#### *tip*: you can search using name, partial name, or  WDPA PID.","MPA_UGA_mc","cant_add_choice","select_or_add_one MPA_UGA","","","country == 'Uganda (UGA)'",NA,NA,NA,NA
"### Select the MPA you are responding for
#### *info*: these are the MPAs listed in WDPA for the country (or overseas land) you have selected above. If you cannot find your MPA, please select 'MPA not listed'.
#### *tip*: you can search using name, partial name, or  WDPA PID.","MPA_UKR_mc","cant_add_choice","select_or_add_one MPA_UKR","","","country == 'Ukraine (UKR)'",NA,NA,NA,NA
"### Select the MPA you are responding for
#### *info*: these are the MPAs listed in WDPA for the country (or overseas land) you have selected above. If you cannot find your MPA, please select 'MPA not listed'.
#### *tip*: you can search using name, partial name, or  WDPA PID.","MPA_UMI_mc","cant_add_choice","select_or_add_one MPA_UMI","","","country == 'United States Minor Outlying Islands (the) (UMI)'",NA,NA,NA,NA
"### Select the MPA you are responding for
#### *info*: these are the MPAs listed in WDPA for the country (or overseas land) you have selected above. If you cannot find your MPA, please select 'MPA not listed'.
#### *tip*: you can search using name, partial name, or  WDPA PID.","MPA_URY_mc","cant_add_choice","select_or_add_one MPA_URY","","","country == 'Uruguay (URY)'",NA,NA,NA,NA
"### Select the MPA you are responding for
#### *info*: these are the MPAs listed in WDPA for the country (or overseas land) you have selected above. If you cannot find your MPA, please select 'MPA not listed'.
#### *tip*: you can search using name, partial name, or  WDPA PID.","MPA_USA_mc","cant_add_choice","select_or_add_one MPA_USA","","","country == 'United States (USA)'",NA,NA,NA,NA
"### Select the MPA you are responding for
#### *info*: these are the MPAs listed in WDPA for the country (or overseas land) you have selected above. If you cannot find your MPA, please select 'MPA not listed'.
#### *tip*: you can search using name, partial name, or  WDPA PID.","MPA_UZB_mc","cant_add_choice","select_or_add_one MPA_UZB","","","country == 'Uzbekistan (UZB)'",NA,NA,NA,NA
"### Select the MPA you are responding for
#### *info*: these are the MPAs listed in WDPA for the country (or overseas land) you have selected above. If you cannot find your MPA, please select 'MPA not listed'.
#### *tip*: you can search using name, partial name, or  WDPA PID.","MPA_VAT_mc","cant_add_choice","select_or_add_one MPA_VAT","","","country == 'Vatican City (VAT)'",NA,NA,NA,NA
"### Select the MPA you are responding for
#### *info*: these are the MPAs listed in WDPA for the country (or overseas land) you have selected above. If you cannot find your MPA, please select 'MPA not listed'.
#### *tip*: you can search using name, partial name, or  WDPA PID.","MPA_VCT_mc","cant_add_choice","select_or_add_one MPA_VCT","","","country == 'St. Vincent + Grenadines (VCT)'",NA,NA,NA,NA
"### Select the MPA you are responding for
#### *info*: these are the MPAs listed in WDPA for the country (or overseas land) you have selected above. If you cannot find your MPA, please select 'MPA not listed'.
#### *tip*: you can search using name, partial name, or  WDPA PID.","MPA_VEN_mc","cant_add_choice","select_or_add_one MPA_VEN","","","country == 'Venezuela (VEN)'",NA,NA,NA,NA
"### Select the MPA you are responding for
#### *info*: these are the MPAs listed in WDPA for the country (or overseas land) you have selected above. If you cannot find your MPA, please select 'MPA not listed'.
#### *tip*: you can search using name, partial name, or  WDPA PID.","MPA_VGB_mc","cant_add_choice","select_or_add_one MPA_VGB","","","country == 'British Virgin Islands (VGB)'",NA,NA,NA,NA
"### Select the MPA you are responding for
#### *info*: these are the MPAs listed in WDPA for the country (or overseas land) you have selected above. If you cannot find your MPA, please select 'MPA not listed'.
#### *tip*: you can search using name, partial name, or  WDPA PID.","MPA_VIR_mc","cant_add_choice","select_or_add_one MPA_VIR","","","country == 'U.S. Virgin Islands (VIR)'",NA,NA,NA,NA
"### Select the MPA you are responding for
#### *info*: these are the MPAs listed in WDPA for the country (or overseas land) you have selected above. If you cannot find your MPA, please select 'MPA not listed'.
#### *tip*: you can search using name, partial name, or  WDPA PID.","MPA_VNM_mc","cant_add_choice","select_or_add_one MPA_VNM","","","country == 'Vietnam (VNM)'",NA,NA,NA,NA
"### Select the MPA you are responding for
#### *info*: these are the MPAs listed in WDPA for the country (or overseas land) you have selected above. If you cannot find your MPA, please select 'MPA not listed'.
#### *tip*: you can search using name, partial name, or  WDPA PID.","MPA_VUT_mc","cant_add_choice","select_or_add_one MPA_VUT","","","country == 'Vanuatu (VUT)'",NA,NA,NA,NA
"### Select the MPA you are responding for
#### *info*: these are the MPAs listed in WDPA for the country (or overseas land) you have selected above. If you cannot find your MPA, please select 'MPA not listed'.
#### *tip*: you can search using name, partial name, or  WDPA PID.","MPA_WLF_mc","cant_add_choice","select_or_add_one MPA_WLF","","","country == 'Wallis + Futuna (WLF)'",NA,NA,NA,NA
"### Select the MPA you are responding for
#### *info*: these are the MPAs listed in WDPA for the country (or overseas land) you have selected above. If you cannot find your MPA, please select 'MPA not listed'.
#### *tip*: you can search using name, partial name, or  WDPA PID.","MPA_WSM_mc","cant_add_choice","select_or_add_one MPA_WSM","","","country == 'Samoa (WSM)'",NA,NA,NA,NA
"### Select the MPA you are responding for
#### *info*: these are the MPAs listed in WDPA for the country (or overseas land) you have selected above. If you cannot find your MPA, please select 'MPA not listed'.
#### *tip*: you can search using name, partial name, or  WDPA PID.","MPA_YEM_mc","cant_add_choice","select_or_add_one MPA_YEM","","","country == 'Yemen (YEM)'",NA,NA,NA,NA
"### Select the MPA you are responding for
#### *info*: these are the MPAs listed in WDPA for the country (or overseas land) you have selected above. If you cannot find your MPA, please select 'MPA not listed'.
#### *tip*: you can search using name, partial name, or  WDPA PID.","MPA_ZAF_mc","cant_add_choice","select_or_add_one MPA_ZAF","","","country == 'South Africa (ZAF)'",NA,NA,NA,NA
"### Select the MPA you are responding for
#### *info*: these are the MPAs listed in WDPA for the country (or overseas land) you have selected above. If you cannot find your MPA, please select 'MPA not listed'.
#### *tip*: you can search using name, partial name, or  WDPA PID.","MPA_ZMB_mc","cant_add_choice","select_or_add_one MPA_ZMB","","","country == 'Zambia (ZMB)'",NA,NA,NA,NA
"### Select the MPA you are responding for
#### *info*: these are the MPAs listed in WDPA for the country (or overseas land) you have selected above. If you cannot find your MPA, please select 'MPA not listed'.
#### *tip*: you can search using name, partial name, or  WDPA PID.","MPA_ZWE_mc","cant_add_choice","select_or_add_one MPA_ZWE","","","country == 'Zimbabwe (ZWE)'",NA,NA,NA,NA
"### Comments (optional)
#### If the selection above did not fully work for you, please write some information to help us understand where is the MPA you are responding for and what is its type. Otherwise, leave this field blank.","other_type","","textarea","","*","country != ''",NA,NA,NA,NA
